{
  "ok": true,
  "generated_at": "2026-04-15T19:26:10.345130",
  "rows_used": 29414,
  "decision_accuracy": 0.8749,
  "precision_at_k": 0.0,
  "recall_at_k": 0.0,
  "ndcg_at_k": 0.0,
  "models": {
    "bid_model": {
      "type": "fallback_linear",
      "weights": [
        0.8,
        1.0,
        0.3,
        0.15,
        0.1,
        -0.15,
        0.1,
        0.1,
        -0.05,
        0.05,
        0.05,
        0.05,
        0.05,
        0.2
      ],
      "intercept": -0.6
    },
    "relevance_model": {
      "type": "logreg",
      "weights": [
        22.120925670753564,
        2.4783462524132105,
        1.53993125638199,
        0.0,
        0.0,
        -1.2140440646763766,
        -1.0435644263600856,
        -0.25116295091859725,
        2.0143189731866014,
        -0.9220161714033956,
        -1.1345479173633084,
        1.3183158570550242,
        0.379232576803555,
        -0.18463284448672077
      ],
      "intercept": -12.503900594047575
    }
  }
}