{
  "bid_model": {
    "type": "fallback_linear",
    "weights": [
      0.8,
      1.0,
      0.3,
      0.15,
      0.1,
      -0.15,
      0.1,
      0.1,
      -0.05,
      0.05,
      0.05,
      0.05,
      0.05,
      0.2
    ],
    "intercept": -0.6
  },
  "relevance_model": {
    "type": "logreg",
    "weights": [
      21.49628934499711,
      6.730439202577603,
      -0.027093270903737858,
      0.0,
      0.0,
      -2.791902739039193,
      -1.8660838268626505,
      -0.3200106719506908,
      2.891213198296076,
      1.2187590351404958,
      -1.0967349834704299,
      1.7723267236070925,
      1.779743506827161,
      -0.17272537961124698
    ],
    "intercept": -14.697178534200996
  }
}